{
  "Tenders_Page/_next/static/css/3d3080c8bc25e668.css-13" : {
    "transaction" : "Tenders_Page/_next/static/css/3d3080c8bc25e668.css-13",
    "sampleCount" : 100,
    "errorCount" : 0,
    "errorPct" : 0.0,
    "meanResTime" : 516.75,
    "medianResTime" : 550.5,
    "minResTime" : 156.0,
    "maxResTime" : 1092.0,
    "pct1ResTime" : 736.2,
    "pct2ResTime" : 766.2499999999998,
    "pct3ResTime" : 1091.8799999999999,
    "throughput" : 20.781379883624275,
    "receivedKBytesPerSec" : 28.107628065253532,
    "sentKBytesPerSec" : 8.280081047381545
  },
  "Tenders_Page/_next/image/-20" : {
    "transaction" : "Tenders_Page/_next/image/-20",
    "sampleCount" : 100,
    "errorCount" : 0,
    "errorPct" : 0.0,
    "meanResTime" : 413.61,
    "medianResTime" : 441.5,
    "minResTime" : 81.0,
    "maxResTime" : 935.0,
    "pct1ResTime" : 616.6,
    "pct2ResTime" : 760.3999999999994,
    "pct3ResTime" : 934.7299999999999,
    "throughput" : 18.935807612194658,
    "receivedKBytesPerSec" : 112.4010308180269,
    "sentKBytesPerSec" : 9.689807801552737
  },
  "Tenders_Page/_next/static/css/1ed373b57ebd1dab.css-12" : {
    "transaction" : "Tenders_Page/_next/static/css/1ed373b57ebd1dab.css-12",
    "sampleCount" : 100,
    "errorCount" : 0,
    "errorPct" : 0.0,
    "meanResTime" : 452.25000000000006,
    "medianResTime" : 431.0,
    "minResTime" : 204.0,
    "maxResTime" : 1378.0,
    "pct1ResTime" : 731.0,
    "pct2ResTime" : 758.9499999999998,
    "pct3ResTime" : 1372.3699999999972,
    "throughput" : 25.497195308516062,
    "receivedKBytesPerSec" : 31.024907572667004,
    "sentKBytesPerSec" : 10.15903875573687
  },
  "Tenders_Page/api/units/map-user-coords_2/-22" : {
    "transaction" : "Tenders_Page/api/units/map-user-coords_2/-22",
    "sampleCount" : 100,
    "errorCount" : 0,
    "errorPct" : 0.0,
    "meanResTime" : 2330.2400000000002,
    "medianResTime" : 2405.5,
    "minResTime" : 716.0,
    "maxResTime" : 4320.0,
    "pct1ResTime" : 3461.6000000000004,
    "pct2ResTime" : 3919.9999999999973,
    "pct3ResTime" : 4318.249999999999,
    "throughput" : 12.256403971074887,
    "receivedKBytesPerSec" : 158.68691782081137,
    "sentKBytesPerSec" : 6.259862575070474
  },
  "Tenders_Page/api/search/-15" : {
    "transaction" : "Tenders_Page/api/search/-15",
    "sampleCount" : 100,
    "errorCount" : 0,
    "errorPct" : 0.0,
    "meanResTime" : 1313.5400000000006,
    "medianResTime" : 1406.0,
    "minResTime" : 506.0,
    "maxResTime" : 2314.0,
    "pct1ResTime" : 2180.8,
    "pct2ResTime" : 2217.6,
    "pct3ResTime" : 2313.71,
    "throughput" : 19.813750743015653,
    "receivedKBytesPerSec" : 30.417203289082625,
    "sentKBytesPerSec" : 8.126733703190014
  },
  "Tenders_Page/images/marker.svg-25" : {
    "transaction" : "Tenders_Page/images/marker.svg-25",
    "sampleCount" : 100,
    "errorCount" : 0,
    "errorPct" : 0.0,
    "meanResTime" : 177.12,
    "medianResTime" : 109.5,
    "minResTime" : 62.0,
    "maxResTime" : 1148.0,
    "pct1ResTime" : 442.9,
    "pct2ResTime" : 549.4999999999994,
    "pct3ResTime" : 1147.86,
    "throughput" : 13.21178491214163,
    "receivedKBytesPerSec" : 14.218151340996169,
    "sentKBytesPerSec" : 5.444700422777117
  },
  "Tenders_Page/_next/image/-5" : {
    "transaction" : "Tenders_Page/_next/image/-5",
    "sampleCount" : 100,
    "errorCount" : 0,
    "errorPct" : 0.0,
    "meanResTime" : 528.88,
    "medianResTime" : 419.5,
    "minResTime" : 181.0,
    "maxResTime" : 1086.0,
    "pct1ResTime" : 956.0000000000002,
    "pct2ResTime" : 986.9,
    "pct3ResTime" : 1085.87,
    "throughput" : 26.695141484249866,
    "receivedKBytesPerSec" : 88.32337827015483,
    "sentKBytesPerSec" : 12.27872230379071
  },
  "Tenders_Page/_next/image/-4" : {
    "transaction" : "Tenders_Page/_next/image/-4",
    "sampleCount" : 100,
    "errorCount" : 0,
    "errorPct" : 0.0,
    "meanResTime" : 1097.89,
    "medianResTime" : 1097.0,
    "minResTime" : 504.0,
    "maxResTime" : 1796.0,
    "pct1ResTime" : 1695.9,
    "pct2ResTime" : 1773.3999999999996,
    "pct3ResTime" : 1795.97,
    "throughput" : 36.218761318362915,
    "receivedKBytesPerSec" : 138.01328775805868,
    "sentKBytesPerSec" : 16.729955179282868
  },
  "Tenders_Page/_next/image/-7" : {
    "transaction" : "Tenders_Page/_next/image/-7",
    "sampleCount" : 100,
    "errorCount" : 0,
    "errorPct" : 0.0,
    "meanResTime" : 479.5299999999998,
    "medianResTime" : 424.0,
    "minResTime" : 172.0,
    "maxResTime" : 1185.0,
    "pct1ResTime" : 817.5000000000006,
    "pct2ResTime" : 953.6499999999987,
    "pct3ResTime" : 1183.3999999999992,
    "throughput" : 27.670171555063643,
    "receivedKBytesPerSec" : 84.28053230492529,
    "sentKBytesPerSec" : 12.916349612617598
  },
  "Tenders_Page/_next/image/-6" : {
    "transaction" : "Tenders_Page/_next/image/-6",
    "sampleCount" : 100,
    "errorCount" : 0,
    "errorPct" : 0.0,
    "meanResTime" : 536.7200000000001,
    "medianResTime" : 404.5,
    "minResTime" : 266.0,
    "maxResTime" : 1031.0,
    "pct1ResTime" : 844.8,
    "pct2ResTime" : 959.75,
    "pct3ResTime" : 1030.4199999999996,
    "throughput" : 30.95017022593624,
    "receivedKBytesPerSec" : 118.90426725471991,
    "sentKBytesPerSec" : 14.296318864128754
  },
  "Tenders_Page/tr/-14" : {
    "transaction" : "Tenders_Page/tr/-14",
    "sampleCount" : 100,
    "errorCount" : 0,
    "errorPct" : 0.0,
    "meanResTime" : 1363.7900000000002,
    "medianResTime" : 1310.5,
    "minResTime" : 404.0,
    "maxResTime" : 3470.0,
    "pct1ResTime" : 1717.7000000000003,
    "pct2ResTime" : 2059.6499999999974,
    "pct3ResTime" : 3469.1399999999994,
    "throughput" : 16.07717041800643,
    "receivedKBytesPerSec" : 6.136957395498393,
    "sentKBytesPerSec" : 55.75072849678457
  },
  "Tenders_Page/_next/static/chunks/pages/cookie-policy-90d9585a8ece108f.js-9" : {
    "transaction" : "Tenders_Page/_next/static/chunks/pages/cookie-policy-90d9585a8ece108f.js-9",
    "sampleCount" : 100,
    "errorCount" : 0,
    "errorPct" : 0.0,
    "meanResTime" : 486.25,
    "medianResTime" : 447.5,
    "minResTime" : 178.0,
    "maxResTime" : 1521.0,
    "pct1ResTime" : 656.4000000000001,
    "pct2ResTime" : 729.75,
    "pct3ResTime" : 1513.8499999999963,
    "throughput" : 28.10567734682406,
    "receivedKBytesPerSec" : 173.82153773187184,
    "sentKBytesPerSec" : 12.515809443507589
  },
  "Tenders_Page/_next/image/-19" : {
    "transaction" : "Tenders_Page/_next/image/-19",
    "sampleCount" : 100,
    "errorCount" : 0,
    "errorPct" : 0.0,
    "meanResTime" : 577.2199999999999,
    "medianResTime" : 555.0,
    "minResTime" : 294.0,
    "maxResTime" : 958.0,
    "pct1ResTime" : 817.1000000000001,
    "pct2ResTime" : 903.9499999999998,
    "pct3ResTime" : 957.97,
    "throughput" : 17.879492222420883,
    "receivedKBytesPerSec" : 153.61940986500983,
    "sentKBytesPerSec" : 8.817523019846236
  },
  "Tenders_Page/_next/image/-1" : {
    "transaction" : "Tenders_Page/_next/image/-1",
    "sampleCount" : 100,
    "errorCount" : 0,
    "errorPct" : 0.0,
    "meanResTime" : 548.52,
    "medianResTime" : 379.0,
    "minResTime" : 238.0,
    "maxResTime" : 1079.0,
    "pct1ResTime" : 993.7,
    "pct2ResTime" : 1024.3999999999999,
    "pct3ResTime" : 1078.98,
    "throughput" : 32.22687721559781,
    "receivedKBytesPerSec" : 96.86946100547857,
    "sentKBytesPerSec" : 14.823104656783757
  },
  "Tenders_Page/_next/static/chunks/pages/terms-conditions-29dc202c23ab8359.js-10" : {
    "transaction" : "Tenders_Page/_next/static/chunks/pages/terms-conditions-29dc202c23ab8359.js-10",
    "sampleCount" : 100,
    "errorCount" : 0,
    "errorPct" : 0.0,
    "meanResTime" : 564.1799999999998,
    "medianResTime" : 532.0,
    "minResTime" : 209.0,
    "maxResTime" : 1157.0,
    "pct1ResTime" : 774.0,
    "pct2ResTime" : 833.55,
    "pct3ResTime" : 1153.9899999999984,
    "throughput" : 26.925148088314486,
    "receivedKBytesPerSec" : 403.2185543719709,
    "sentKBytesPerSec" : 12.068987277867528
  },