{
  "Tenders_Page/_next/static/css/3d3080c8bc25e668.css-13" : {
    "transaction" : "Tenders_Page/_next/static/css/3d3080c8bc25e668.css-13",
    "sampleCount" : 100,
    "errorCount" : 0,
    "errorPct" : 0.0,
    "meanResTime" : 199.07999999999998,
    "medianResTime" : 158.0,
    "minResTime" : 86.0,
    "maxResTime" : 594.0,
    "pct1ResTime" : 439.10000000000025,
    "pct2ResTime" : 483.94999999999976,
    "pct3ResTime" : 593.6999999999998,
    "throughput" : 18.224895206852562,
    "receivedKBytesPerSec" : 24.649882677237105,
    "sentKBytesPerSec" : 7.261481683980317
  },
  "Tenders_Page/_next/image/-20" : {
    "transaction" : "Tenders_Page/_next/image/-20",
    "sampleCount" : 100,
    "errorCount" : 0,
    "errorPct" : 0.0,
    "meanResTime" : 260.9100000000001,
    "medianResTime" : 150.5,
    "minResTime" : 48.0,
    "maxResTime" : 900.0,
    "pct1ResTime" : 639.2000000000004,
    "pct2ResTime" : 890.0,
    "pct3ResTime" : 899.98,
    "throughput" : 17.208742040956807,
    "receivedKBytesPerSec" : 102.14127839442438,
    "sentKBytesPerSec" : 8.806035966270866
  },
  "Tenders_Page/_next/static/css/1ed373b57ebd1dab.css-12" : {
    "transaction" : "Tenders_Page/_next/static/css/1ed373b57ebd1dab.css-12",
    "sampleCount" : 100,
    "errorCount" : 0,
    "errorPct" : 0.0,
    "meanResTime" : 167.0899999999999,
    "medianResTime" : 145.0,
    "minResTime" : 104.0,
    "maxResTime" : 548.0,
    "pct1ResTime" : 242.9,
    "pct2ResTime" : 392.69999999999834,
    "pct3ResTime" : 547.0599999999995,
    "throughput" : 17.998560115190784,
    "receivedKBytesPerSec" : 21.900591702663785,
    "sentKBytesPerSec" : 7.1713012958963285
  },
  "Tenders_Page/api/units/map-user-coords_2/-22" : {
    "transaction" : "Tenders_Page/api/units/map-user-coords_2/-22",
    "sampleCount" : 100,
    "errorCount" : 0,
    "errorPct" : 0.0,
    "meanResTime" : 1250.0300000000002,
    "medianResTime" : 1234.0,
    "minResTime" : 446.0,
    "maxResTime" : 1950.0,
    "pct1ResTime" : 1720.4,
    "pct2ResTime" : 1778.5499999999997,
    "pct3ResTime" : 1948.9299999999994,
    "throughput" : 16.561775422325272,
    "receivedKBytesPerSec" : 214.42970561444187,
    "sentKBytesPerSec" : 8.458797408082146
  },
  "Tenders_Page/api/search/-15" : {
    "transaction" : "Tenders_Page/api/search/-15",
    "sampleCount" : 100,
    "errorCount" : 0,
    "errorPct" : 0.0,
    "meanResTime" : 464.29000000000013,
    "medianResTime" : 451.5,
    "minResTime" : 170.0,
    "maxResTime" : 1051.0,
    "pct1ResTime" : 657.9,
    "pct2ResTime" : 666.8,
    "pct3ResTime" : 1050.83,
    "throughput" : 14.738393515106853,
    "receivedKBytesPerSec" : 22.64012988209285,
    "sentKBytesPerSec" : 6.045044215180545
  },
  "Tenders_Page/images/marker.svg-25" : {
    "transaction" : "Tenders_Page/images/marker.svg-25",
    "sampleCount" : 100,
    "errorCount" : 0,
    "errorPct" : 0.0,
    "meanResTime" : 88.96000000000004,
    "medianResTime" : 56.0,
    "minResTime" : 44.0,
    "maxResTime" : 219.0,
    "pct1ResTime" : 192.0,
    "pct2ResTime" : 195.0,
    "pct3ResTime" : 218.82999999999993,
    "throughput" : 20.622808826562178,
    "receivedKBytesPerSec" : 22.193686842647967,
    "sentKBytesPerSec" : 8.498852856259022
  },
  "Tenders_Page/_next/image/-5" : {
    "transaction" : "Tenders_Page/_next/image/-5",
    "sampleCount" : 100,
    "errorCount" : 0,
    "errorPct" : 0.0,
    "meanResTime" : 193.77000000000004,
    "medianResTime" : 168.0,
    "minResTime" : 85.0,
    "maxResTime" : 852.0,
    "pct1ResTime" : 229.0,
    "pct2ResTime" : 509.2499999999971,
    "pct3ResTime" : 851.8799999999999,
    "throughput" : 30.873726458783576,
    "receivedKBytesPerSec" : 102.14861840074097,
    "sentKBytesPerSec" : 14.200708166100648
  },
  "Tenders_Page/_next/image/-4" : {
    "transaction" : "Tenders_Page/_next/image/-4",
    "sampleCount" : 100,
    "errorCount" : 0,
    "errorPct" : 0.0,
    "meanResTime" : 382.16999999999996,
    "medianResTime" : 354.5,
    "minResTime" : 218.0,
    "maxResTime" : 1252.0,
    "pct1ResTime" : 493.80000000000007,
    "pct2ResTime" : 533.1999999999998,
    "pct3ResTime" : 1251.95,
    "throughput" : 44.464206313917295,
    "receivedKBytesPerSec" : 169.4329424188528,
    "sentKBytesPerSec" : 20.53864217429969
  },
  "Tenders_Page/_next/image/-7" : {
    "transaction" : "Tenders_Page/_next/image/-7",
    "sampleCount" : 100,
    "errorCount" : 0,
    "errorPct" : 0.0,
    "meanResTime" : 186.26999999999992,
    "medianResTime" : 174.5,
    "minResTime" : 71.0,
    "maxResTime" : 878.0,
    "pct1ResTime" : 212.0,
    "pct2ResTime" : 516.8499999999999,
    "pct3ResTime" : 876.9299999999995,
    "throughput" : 26.82403433476395,
    "receivedKBytesPerSec" : 81.70328426770386,
    "sentKBytesPerSec" : 12.521375402360514
  },
  "Tenders_Page/_next/image/-6" : {
    "transaction" : "Tenders_Page/_next/image/-6",
    "sampleCount" : 100,
    "errorCount" : 0,
    "errorPct" : 0.0,
    "meanResTime" : 181.57,
    "medianResTime" : 146.0,
    "minResTime" : 59.0,
    "maxResTime" : 921.0,
    "pct1ResTime" : 250.70000000000002,
    "pct2ResTime" : 264.9,
    "pct3ResTime" : 920.97,
    "throughput" : 43.72540445999125,
    "receivedKBytesPerSec" : 167.98412221250547,
    "sentKBytesPerSec" : 20.19737920857018
  },
  "Tenders_Page/tr/-14" : {
    "transaction" : "Tenders_Page/tr/-14",
    "sampleCount" : 100,
    "errorCount" : 0,
    "errorPct" : 0.0,
    "meanResTime" : 227.51,
    "medianResTime" : 213.0,
    "minResTime" : 87.0,
    "maxResTime" : 1205.0,
    "pct1ResTime" : 296.70000000000005,
    "pct2ResTime" : 348.95,
    "pct3ResTime" : 1196.6499999999958,
    "throughput" : 17.44591765526867,
    "receivedKBytesPerSec" : 6.5665820721388695,
    "sentKBytesPerSec" : 60.40325284586532
  },
  "Tenders_Page/_next/static/chunks/pages/cookie-policy-90d9585a8ece108f.js-9" : {
    "transaction" : "Tenders_Page/_next/static/chunks/pages/cookie-policy-90d9585a8ece108f.js-9",
    "sampleCount" : 100,
    "errorCount" : 0,
    "errorPct" : 0.0,
    "meanResTime" : 310.61999999999995,
    "medianResTime" : 221.0,
    "minResTime" : 89.0,
    "maxResTime" : 1096.0,
    "pct1ResTime" : 943.6,
    "pct2ResTime" : 995.2499999999998,
    "pct3ResTime" : 1095.93,
    "throughput" : 20.39983680130559,
    "receivedKBytesPerSec" : 126.16302975826193,
    "sentKBytesPerSec" : 9.084302325581396
  },
  "Tenders_Page/_next/image/-19" : {
    "transaction" : "Tenders_Page/_next/image/-19",
    "sampleCount" : 100,
    "errorCount" : 0,
    "errorPct" : 0.0,
    "meanResTime" : 318.91,
    "medianResTime" : 264.5,
    "minResTime" : 77.0,
    "maxResTime" : 1065.0,
    "pct1ResTime" : 804.4000000000003,
    "pct2ResTime" : 902.9499999999996,
    "pct3ResTime" : 1064.8,
    "throughput" : 16.835016835016834,
    "receivedKBytesPerSec" : 144.64534669612794,
    "sentKBytesPerSec" : 8.302425294612794
  },
  "Tenders_Page/_next/image/-1" : {
    "transaction" : "Tenders_Page/_next/image/-1",
    "sampleCount" : 100,
    "errorCount" : 0,
    "errorPct" : 0.0,
    "meanResTime" : 159.13000000000002,
    "medianResTime" : 133.5,
    "minResTime" : 48.0,
    "maxResTime" : 879.0,
    "pct1ResTime" : 231.0,
    "pct2ResTime" : 265.24999999999983,
    "pct3ResTime" : 878.99,
    "throughput" : 47.125353440150796,
    "receivedKBytesPerSec" : 141.6521854382658,
    "sentKBytesPerSec" : 21.675821748350614
  },
  "Tenders_Page/_next/static/chunks/pages/terms-conditions-29dc202c23ab8359.js-10" : {
    "transaction" : "Tenders_Page/_next/static/chunks/pages/terms-conditions-29dc202c23ab8359.js-10",
    "sampleCount" : 100,
    "errorCount" : 0,
    "errorPct" : 0.0,
    "meanResTime" : 371.2900000000001,
    "medianResTime" : 305.0,
    "minResTime" : 210.0,
    "maxResTime" : 1010.0,
    "pct1ResTime" : 695.7000000000002,
    "pct2ResTime" : 753.8999999999997,
    "pct3ResTime" : 1009.7799999999999,
    "throughput" : 18.793459875963165,
    "receivedKBytesPerSec" : 281.4399534274573,